{"loss": [0.05515517294406891, 0.017728695645928383, 0.012012261897325516, 0.007599891163408756, 0.006555189844220877, 0.005912617314606905, 0.005497279576957226, 0.005123903043568134, 0.004886590410023928, 0.004600572399795055], "val_loss": [0.019385945051908493, 0.014053578488528728, 0.008439203724265099, 0.007075031753629446, 0.0062254201620817184, 0.005670483689755201, 0.005262214690446854, 0.004951539449393749, 0.004702075384557247, 0.004494172055274248]}