{"loss": [0.010997382923960686, 0.0025093145668506622, 0.0021550231613218784], "val_loss": [0.002922066254541278, 0.0021845088340342045, 0.0019869660027325153]}