{"loss": [0.014370005577802658, 0.0042779212817549706, 0.00394879886880517], "val_loss": [0.0045365216210484505, 0.003936281893402338, 0.003772422671318054]}