{"loss": [0.014428330585360527, 0.0030443049035966396, 0.0027945339679718018, 0.002690431661903858, 0.002691109897568822, 0.0026205494068562984, 0.00262919208034873, 0.0026026356499642134, 0.0026163605507463217, 0.0026065451093018055], "val_loss": [0.0030523629393428564, 0.0026635657995939255, 0.0025393732357770205, 0.002496588509529829, 0.002471304265782237, 0.0024553537368774414, 0.002441342221572995, 0.002433777553960681, 0.002429015003144741, 0.002422946970909834]}