{"loss": [0.008751199580729008, 0.003710830816999078, 0.0035774128045886755, 0.0035234508104622364, 0.0035021440126001835, 0.0034697409719228745, 0.003475188510492444, 0.0034597532358020544, 0.0034521485213190317, 0.00344767770729959], "val_loss": [0.003878707066178322, 0.0036186310462653637, 0.0035460530780255795, 0.00348987290635705, 0.003487458685413003, 0.0034604433458298445, 0.00344073330052197, 0.003449308918789029, 0.003424090566113591, 0.003416231833398342]}