{"loss": [0.008475066162645817, 0.006552511360496283, 0.006502946838736534], "val_loss": [0.006593526341021061, 0.006521236151456833, 0.006490064784884453]}