{"loss": [0.02325977198779583, 0.004901981446892023, 0.0035836384631693363, 0.0031442122999578714, 0.0028461546171456575, 0.002634072443470359, 0.00246245414018631, 0.0023433926980942488, 0.0022237938828766346, 0.0021656937897205353], "val_loss": [0.00713931443169713, 0.0041680107824504375, 0.00351225258782506, 0.0031607525888830423, 0.0029232448432594538, 0.0027395691722631454, 0.0025947208050638437, 0.002488407539203763, 0.002390210283920169, 0.002325396053493023]}