{"loss": [0.005659771151840687, 0.0036741665098816156, 0.0035531639587134123], "val_loss": [0.003797499230131507, 0.0036084819585084915, 0.003510985756292939]}