{"loss": [0.011349364183843136, 0.002346281660720706, 0.0018383307615295053, 0.0016200760146602988, 0.0014768762048333883, 0.0013590940507128835, 0.0013011188711971045, 0.0012692359741777182, 0.0012074102414771914, 0.0011806184193119407], "val_loss": [0.0026717304717749357, 0.0018287820275872946, 0.001554451184347272, 0.0013984732795506716, 0.00128919945564121, 0.0012073791585862637, 0.0011581199942156672, 0.0011434528278186917, 0.0010925396345555782, 0.0010701606515794992]}