{"loss": [0.015819767490029335, 0.003925086930394173, 0.0028541996143758297, 0.0023706124629825354, 0.0021169008687138557, 0.001973559847101569, 0.0018642646027728915, 0.00178527703974396, 0.0017224338371306658, 0.001670070574618876], "val_loss": [0.005669692996889353, 0.003542735241353512, 0.0027656371239572763, 0.0024326008278876543, 0.0022345823235809803, 0.002104769926518202, 0.002014661207795143, 0.0019324839813634753, 0.0018956460990011692, 0.0018349004676565528]}